Date,Type,Dead,Injured,Location,Details,Perpetrator,Part of
1,Shooting,7,0,"&lt;img alt=""India"" src=""//upload.wikimedia.org/wikipedia/en/thumb/4/41/Flag_of_India.svg/23px-Flag_of_India.svg.png"" width=""23"" height=""15"" class=""thumbborder"" data-file-width=""1350"" data-file-height=""900""&gt; Kulgam district, India",Five policemen and two bank security guards were killed in south Kashmir's Kulgam district.[1],Jaish-e-Mohammed (suspected),Kashmir conflict
1,"Execution, Kidnapping",1,4 kidnapped,"&lt;img alt=""Egypt"" src=""//upload.wikimedia.org/wikipedia/commons/thumb/f/fe/Flag_of_Egypt.svg/23px-Flag_of_Egypt.svg.png"" width=""23"" height=""15"" class=""thumbborder"" data-file-width=""900"" data-file-height=""600""&gt; Rafah, Egypt",Islamic State militants executed a woman and kidnapped her husband and three children in Rafah.[2],Islamic State,Insurgency in Egypt
1,Shooting,3,5,"&lt;img alt=""Egypt"" src=""//upload.wikimedia.org/wikipedia/commons/thumb/f/fe/Flag_of_Egypt.svg/23px-Flag_of_Egypt.svg.png"" width=""23"" height=""15"" class=""thumbborder"" data-file-width=""900"" data-file-height=""600""&gt; Cairo, Egypt",A police convoy that was in the Nasr City area of Cairo were attacked after gunmen in two vehicles opened fire. The attack killed three police officers and wounded five.[3],The Hasm Movement (suspected),Insurgency in Egypt
1,Shooting,2,1,"&lt;img alt=""Niger"" src=""//upload.wikimedia.org/wikipedia/commons/thumb/f/f4/Flag_of_Niger.svg/18px-Flag_of_Niger.svg.png"" width=""18"" height=""15"" class=""thumbborder"" data-file-width=""700"" data-file-height=""600""&gt; Téra Department, Niger","At least 2 gendarmes killed & 1 civilian wounded in attack in Fonéko, Tillabéri Region.[4]",Boko Haram,Boko Haram insurgency
1,Car bombing,1,4,"&lt;img alt=""Colombia"" src=""//upload.wikimedia.org/wikipedia/commons/thumb/2/21/Flag_of_Colombia.svg/23px-Flag_of_Colombia.svg.png"" width=""23"" height=""15"" class=""thumbborder"" data-file-width=""450"" data-file-height=""300""&gt; Cesar Department, Colombia","A car bomb attack on Sunday in César department in northern Colombia left one person dead and four injured, according to the police.[5]",ELN,Colombian conflict
1,Shooting,1,Unknown,"&lt;img alt=""Colombia"" src=""//upload.wikimedia.org/wikipedia/commons/thumb/2/21/Flag_of_Colombia.svg/23px-Flag_of_Colombia.svg.png"" width=""23"" height=""15"" class=""thumbborder"" data-file-width=""450"" data-file-height=""300""&gt; Cauca, Colombia","A Colombian policeman died in the town of Caloto, department of Cauca (southwest), in an attack by the guerrilla Ejercito de Liberacion Nacional.[6]",ELN,Colombian conflict
2,Ambush,9,5,"&lt;img alt=""Mali"" src=""//upload.wikimedia.org/wikipedia/commons/thumb/9/92/Flag_of_Mali.svg/23px-Flag_of_Mali.svg.png"" width=""23"" height=""15"" class=""thumbborder"" data-file-width=""450"" data-file-height=""300""&gt; Diabaly, Mali",A Malian army supply convoy fell into an ambush between Diabaly and Nampala in the center of the country. 9 were killed and 5 injured.[7],Al-Qaeda in the Islamic Maghreb,Insurgency in the Maghreb
2,Shooting,37,100,"&lt;img alt=""Syria"" src=""//upload.wikimedia.org/wikipedia/commons/thumb/5/53/Flag_of_Syria.svg/23px-Flag_of_Syria.svg.png"" width=""23"" height=""15"" class=""thumbborder"" data-file-width=""900"" data-file-height=""600""&gt; Hasakah, Syria",Islamic State militants killed at least 37 Iraqi refugees and wounded 100 others who were heading to a refugee camp in Syria near the borders with Iraq.[8][9],Islamic State,Syrian Civil War
2,Shooting,1,0,"&lt;img alt=""Egypt"" src=""//upload.wikimedia.org/wikipedia/commons/thumb/f/fe/Flag_of_Egypt.svg/23px-Flag_of_Egypt.svg.png"" width=""23"" height=""15"" class=""thumbborder"" data-file-width=""900"" data-file-height=""600""&gt; El Arish, Egypt",An assassination took place in Arish city earlier today as an ISIS sleeper cell shot dead an unidentified Egyptian soldier up close in broad daylight.[10],Islamic State,Sinai insurgency
2,"Bombing, Shooting",1,3,"&lt;img alt=""Colombia"" src=""//upload.wikimedia.org/wikipedia/commons/thumb/2/21/Flag_of_Colombia.svg/23px-Flag_of_Colombia.svg.png"" width=""23"" height=""15"" class=""thumbborder"" data-file-width=""450"" data-file-height=""300""&gt; Tibú, Colombia","One soldier killed and three wounded is the result of a shootout between the Army and the ELN in Tibú, Norte de Santander.[11] In another incident in the same place several handmade explosives were placed next to the side of the police station. The authorities of Norte de Santander reported that this attack only generated material damages, there were no deaths or injuries.[12]",ELN and EPL,Colombian conflict
2,Shooting,2,0,"&lt;img alt=""Iraq"" src=""//upload.wikimedia.org/wikipedia/commons/thumb/f/f6/Flag_of_Iraq.svg/23px-Flag_of_Iraq.svg.png"" width=""23"" height=""15"" class=""thumbborder"" data-file-width=""411"" data-file-height=""274""&gt; Kirkuk, Iraq",Gunmen killed Younis and his assistant in the Wahid Hozairan Neighborhood located in southern Kirkuk.[13],Islamic State,Iraqi Civil War
2,Shooting,10,6,"&lt;img alt=""Iraq"" src=""//upload.wikimedia.org/wikipedia/commons/thumb/f/f6/Flag_of_Iraq.svg/23px-Flag_of_Iraq.svg.png"" width=""23"" height=""15"" class=""thumbborder"" data-file-width=""411"" data-file-height=""274""&gt; Al Anbar Governorate, Iraq","Fighters from ISIS have killed at least 10 Iraqi soldiers in the country's western province of Anbar, according to officials.[14]",Islamic State,Iraqi Civil War
3,Suicide car bombing,8 (+1),28,"&lt;img alt=""Afghanistan"" src=""//upload.wikimedia.org/wikipedia/commons/thumb/9/9a/Flag_of_Afghanistan.svg/23px-Flag_of_Afghanistan.svg.png"" width=""23"" height=""15"" class=""thumbborder"" data-file-width=""600"" data-file-height=""400""&gt; Kabul, Afghanistan",Eight people were killed and 28 more were injured when a suicide car bomber detonated next to a convoy of NATO vehicles near the U.S. embassy in Kabul.[15],Islamic State,War in Afghanistan
3,Suicide bombing,2 (+2),3,"&lt;img alt=""Iraq"" src=""//upload.wikimedia.org/wikipedia/commons/thumb/f/f6/Flag_of_Iraq.svg/23px-Flag_of_Iraq.svg.png"" width=""23"" height=""15"" class=""thumbborder"" data-file-width=""411"" data-file-height=""274""&gt; Samarra, Iraq","Two policemen were killed in a suicide bombing by IS terrorists in Iraq's northern Saladin province, according to a local military source.[16]",Islamic State,Iraqi Civil War
3,Bombing,1,2,"&lt;img alt=""Iraq"" src=""//upload.wikimedia.org/wikipedia/commons/thumb/f/f6/Flag_of_Iraq.svg/23px-Flag_of_Iraq.svg.png"" width=""23"" height=""15"" class=""thumbborder"" data-file-width=""411"" data-file-height=""274""&gt; Baghdad, Iraq","A teacher was killed as a bomb placed under a vehicle exploded in western Baghdad. In another blast, two persons were wounded as a bomb exploded in Nahrawan district, southeast of Baghdad.[17]",Islamic State,Iraqi Civil War
3,Shelling,1,9,"&lt;img alt=""Mali"" src=""//upload.wikimedia.org/wikipedia/commons/thumb/9/92/Flag_of_Mali.svg/23px-Flag_of_Mali.svg.png"" width=""23"" height=""15"" class=""thumbborder"" data-file-width=""450"" data-file-height=""300""&gt; Timbuktu, Mali",3 rockets struck the MINUSMA Super Camp at Timbuktu Airport around leaving 1 peacekeeper dead and 9 wounded.[18],Al-Qaeda in the Islamic Maghreb,Northern Mali conflict
3,Car bombing,4,4,"&lt;img alt=""Syria"" src=""//upload.wikimedia.org/wikipedia/commons/thumb/5/53/Flag_of_Syria.svg/23px-Flag_of_Syria.svg.png"" width=""23"" height=""15"" class=""thumbborder"" data-file-width=""900"" data-file-height=""600""&gt; Azaz, Syria",Four people were killed and at least four others injured when a car bomb exploded Syria's northern city of Azaz a bastion of pro-opposition interim government.[19],Islamic State (suspected),Syrian Civil War
3,Attempted shooting,0 (+1),0 (+4 captured),"&lt;img alt=""Colombia"" src=""//upload.wikimedia.org/wikipedia/commons/thumb/2/21/Flag_of_Colombia.svg/23px-Flag_of_Colombia.svg.png"" width=""23"" height=""15"" class=""thumbborder"" data-file-width=""450"" data-file-height=""300""&gt; Tibú, Colombia","An ambush attempt was frustrated jointly by the Colombian Air Force, the National Army and the National Police, in the village of Miramonte in the same municipality of Tibú, one guerrilla died and four others were captured.[20]",EPL,Colombian Conflict
4,Shooting,4 (+3),9 (+1),"&lt;img alt=""Mexico"" src=""//upload.wikimedia.org/wikipedia/commons/thumb/f/fc/Flag_of_Mexico.svg/23px-Flag_of_Mexico.svg.png"" width=""23"" height=""13"" class=""thumbborder"" data-file-width=""840"" data-file-height=""480""&gt; Puebla, Mexico","At least four military personnel were killed and nine wounded by firearms, as well as three dead assailants, one wounded and 12 detainees, including two 12-year-old.[21][22]",Anarcho-syndicalists (suspected),Mexican Drug War
5,Suicide bombing,5 (+2),6,"&lt;img alt=""Nigeria"" src=""//upload.wikimedia.org/wikipedia/commons/thumb/7/79/Flag_of_Nigeria.svg/23px-Flag_of_Nigeria.svg.png"" width=""23"" height=""12"" class=""thumbborder"" data-file-width=""800"" data-file-height=""400""&gt; Maiduguri, Nigeria",Five people are dead in northeast Nigeria in an attack by two female suicide bombers.[23],Boko Haram,Boko Haram insurgency
5,Bombing,1,2,"&lt;img alt=""Iraq"" src=""//upload.wikimedia.org/wikipedia/commons/thumb/f/f6/Flag_of_Iraq.svg/23px-Flag_of_Iraq.svg.png"" width=""23"" height=""15"" class=""thumbborder"" data-file-width=""411"" data-file-height=""274""&gt; Kirkuk, Iraq",An improvised explosive device (IED) in the south of Kirkuk Province killed a Peshmerga officer and wounded two other soldiers.[24],Islamic State (suspected),Iraqi Civil War
5,Suicide car bombing,5 (+1),8,"&lt;img alt=""Iraq"" src=""//upload.wikimedia.org/wikipedia/commons/thumb/f/f6/Flag_of_Iraq.svg/23px-Flag_of_Iraq.svg.png"" width=""23"" height=""15"" class=""thumbborder"" data-file-width=""411"" data-file-height=""274""&gt; Haditha, Iraq","A suicide bomber, driving a car bomb, blew himself up in the center of Haditha, killing five people and wounding eight others.[25]",Islamic State,Iraqi Civil War
5,Shooting,1,2,"&lt;img alt=""Somalia"" src=""//upload.wikimedia.org/wikipedia/commons/thumb/a/a0/Flag_of_Somalia.svg/23px-Flag_of_Somalia.svg.png"" width=""23"" height=""15"" class=""thumbborder"" data-file-width=""900"" data-file-height=""600""&gt; Middle Shebelle, Somalia",A US military member was killed and two others wounded in Somalia when they were attacked while on a mission advising Somali National Army forces.[26],Al-Shabaab,War in Somalia
5,Shooting,9 (+40),0,"&lt;img alt=""Chad"" src=""//upload.wikimedia.org/wikipedia/commons/thumb/4/4b/Flag_of_Chad.svg/23px-Flag_of_Chad.svg.png"" width=""23"" height=""15"" class=""thumbborder"" data-file-width=""450"" data-file-height=""300""&gt; Lake Chad, Chad",Nine Chadian soldiers were killed in a Boko Haram attack on an army post in the Lake Chad region. Around 40 Boko Haram jihadists were also killed as the army responded to the attack on the Kaiga post.[27],Boko Haram,Boko Haram insurgency
6,Bombing,2,3,"&lt;img alt=""Iraq"" src=""//upload.wikimedia.org/wikipedia/commons/thumb/f/f6/Flag_of_Iraq.svg/23px-Flag_of_Iraq.svg.png"" width=""23"" height=""15"" class=""thumbborder"" data-file-width=""411"" data-file-height=""274""&gt; Baghdad, Iraq","Two civilians were killed, three others were wounded in two blasts that occurred in west of Baghdad.[28]",Islamic State,Iraqi Civil War
6,Execution,3,0,"&lt;img alt=""Egypt"" src=""//upload.wikimedia.org/wikipedia/commons/thumb/f/fe/Flag_of_Egypt.svg/23px-Flag_of_Egypt.svg.png"" width=""23"" height=""15"" class=""thumbborder"" data-file-width=""900"" data-file-height=""600""&gt; Rafah, Egypt",The decapitated bodies of a father and his two sons recently kidnapped by Islamic militants were found on Saturday lying in the street in the northern Sinai town of Rafah.[29],Islamic State (suspected),Sinai insurgency
6,Bombing,0,1,"&lt;img alt=""Thailand"" src=""//upload.wikimedia.org/wikipedia/commons/thumb/a/a9/Flag_of_Thailand.svg/23px-Flag_of_Thailand.svg.png"" width=""23"" height=""15"" class=""thumbborder"" data-file-width=""900"" data-file-height=""600""&gt; Narathiwat, Thailand","A border patrol police officer was wounded in a roadside bomb blast near the Sungai Kolok River in Tak Bai district, authorities said.[30]",Runda Kumpulan Kecil,South Thailand insurgency
7,Suicide bombing,2 (+5),8,"&lt;img alt=""Iraq"" src=""//upload.wikimedia.org/wikipedia/commons/thumb/f/f6/Flag_of_Iraq.svg/23px-Flag_of_Iraq.svg.png"" width=""23"" height=""15"" class=""thumbborder"" data-file-width=""411"" data-file-height=""274""&gt; Kirkuk, Iraq",Two Kurdish soldiers were killed in an Islamic State attack on a military base in Kirkuk in northern Iraq.[31],Islamic State,Iraqi Civil War
7,Assassination,1,0,"&lt;img alt=""Egypt"" src=""//upload.wikimedia.org/wikipedia/commons/thumb/f/fe/Flag_of_Egypt.svg/23px-Flag_of_Egypt.svg.png"" width=""23"" height=""15"" class=""thumbborder"" data-file-width=""900"" data-file-height=""600""&gt; Arish, Egypt",A Christian man was shot dead by Islamic State militants in Arish.[32],Islamic State,Insurgency in Egypt
7,"Suicide car bombing, Shooting",7 (+1),33,"&lt;img alt=""Mali"" src=""//upload.wikimedia.org/wikipedia/commons/thumb/9/92/Flag_of_Mali.svg/23px-Flag_of_Mali.svg.png"" width=""23"" height=""15"" class=""thumbborder"" data-file-width=""450"" data-file-height=""300""&gt; Gao Region, Mali","A booby trapped car exploded next to a malian army position, then several gunmen stormed the base.[33]",Al-Qaeda in the Islamic Maghreb,Northern Mali conflict
7,Shooting,2,3,"&lt;img alt=""Libya"" src=""//upload.wikimedia.org/wikipedia/commons/thumb/0/05/Flag_of_Libya.svg/23px-Flag_of_Libya.svg.png"" width=""23"" height=""12"" class=""thumbborder"" data-file-width=""960"" data-file-height=""480""&gt; Misrata, Libya",Two fighters from Third Force were killed and three others were wounded in an IS attack.[34],Islamic State of Iraq and the Levant in Libya (suspected),Libyan Civil War
7,"Shooting, Kidnapping",1 (+1),2,"&lt;img alt=""Philippines"" src=""//upload.wikimedia.org/wikipedia/commons/thumb/9/99/Flag_of_the_Philippines.svg/23px-Flag_of_the_Philippines.svg.png"" width=""23"" height=""12"" class=""thumbborder"" data-file-width=""900"" data-file-height=""450""&gt; Occidental Mindoro, and Bukidnon, Philippines","A New People's Army militant and a Philippine Army were killed in separate attacks, according to an army spokesman.[35] In other incident an off-duty soldier was abducted by rebels in Bukidnon, Philippines.[36]",New People's Army,New People's Army rebellion
8,Bombing,2,0,"&lt;img alt=""Iraq"" src=""//upload.wikimedia.org/wikipedia/commons/thumb/f/f6/Flag_of_Iraq.svg/23px-Flag_of_Iraq.svg.png"" width=""23"" height=""15"" class=""thumbborder"" data-file-width=""411"" data-file-height=""274""&gt; Ramadi, Iraq","Two policemen were killed due to an IED blast, south of Ramadi city.[37]",Islamic State,Iraqi Civil War
8,Shooting,1,0,"&lt;img alt=""Iraq"" src=""//upload.wikimedia.org/wikipedia/commons/thumb/f/f6/Flag_of_Iraq.svg/23px-Flag_of_Iraq.svg.png"" width=""23"" height=""15"" class=""thumbborder"" data-file-width=""411"" data-file-height=""274""&gt; Baqubah, Iraq",A police officer was killed by a group of gunmen at the outskirts of Baquba city.[38],Islamic Army in Iraq (suspected),Iraqi Civil War
8,Suicide car bombing,8 (+1),10,"&lt;img alt=""Somalia"" src=""//upload.wikimedia.org/wikipedia/commons/thumb/a/a0/Flag_of_Somalia.svg/23px-Flag_of_Somalia.svg.png"" width=""23"" height=""15"" class=""thumbborder"" data-file-width=""900"" data-file-height=""600""&gt; Mogadishu, Somalia","At least eight people, including a Somali general, were killed when a car bomb exploded at a café in Mogadishu.[39]",Al-Shabaab,War in Somalia
8,Ambush,4,6 (+4 kidnapped),"&lt;img alt=""Central African Republic"" src=""//upload.wikimedia.org/wikipedia/commons/thumb/6/6f/Flag_of_the_Central_African_Republic.svg/23px-Flag_of_the_Central_African_Republic.svg.png"" width=""23"" height=""15"" class=""thumbborder"" data-file-width=""450"" data-file-height=""300""&gt; Republic of Logone, Central African Republic","Attackers in Central African Republic ambushed a convoy of U.N. peacekeepers from Cambodia and Morocco, killing one Cambodian soldier and wounding six other peacekeepers. Three Cambodian soldiers and one Moroccan peacekeeper may also have been kidnapped.[40][41]",Séléka (suspected),Central African Republic Civil War
8,Shooting,3,0,"&lt;img alt=""Democratic Republic of the Congo"" src=""//upload.wikimedia.org/wikipedia/commons/thumb/6/6f/Flag_of_the_Democratic_Republic_of_the_Congo.svg/20px-Flag_of_the_Democratic_Republic_of_the_Congo.svg.png"" width=""20"" height=""15"" class=""thumbborder"" data-file-width=""800"" data-file-height=""600""&gt; Kitshanga, Democratic Republic of Congo","Rebels of the Democratic Liberation Forces of Rwanda (FDLR) have killed three people including two soldiers in northeastern DRC, a military source said Monday. The rebels attacked the town of Kitshanga, North Kivu province early Monday morning, Maj. Guillaume Njike, army spokesman in the province said.[42]",Democratic Liberation Forces of Rwanda,Kivu conflict
8,Bombing,0,4,"&lt;img alt=""Pakistan"" src=""//upload.wikimedia.org/wikipedia/commons/thumb/3/32/Flag_of_Pakistan.svg/23px-Flag_of_Pakistan.svg.png"" width=""23"" height=""15"" class=""thumbborder"" data-file-width=""900"" data-file-height=""600""&gt; Peshawar, Pakistan","May 2017 Peshawar bombings: Two bombs exploded in Peshawar while the third one was defused by Bomb Disposal Squad. Three officials of Counter Terrorism Department (CTD) were injured. Beside CTD officials, a passerby was also injured.[43]",Unknown,War in North-West Pakistan
8,Explosive device,1,9,"&lt;img alt=""Ukraine"" src=""//upload.wikimedia.org/wikipedia/commons/thumb/4/49/Flag_of_Ukraine.svg/23px-Flag_of_Ukraine.svg.png"" width=""23"" height=""15"" class=""thumbborder"" data-file-width=""1200"" data-file-height=""800""&gt; Slavne, Ukraine",One Ukrainian serviceman was killed and nine others were wounded in the Donbass region. The fatality was caused by explosion of unidentified explosive device near Slavne.[44],Donetsk People's Republic (suspected),War in Donbass
8,Shooting,4,0,"&lt;img alt=""Colombia"" src=""//upload.wikimedia.org/wikipedia/commons/thumb/2/21/Flag_of_Colombia.svg/23px-Flag_of_Colombia.svg.png"" width=""23"" height=""15"" class=""thumbborder"" data-file-width=""450"" data-file-height=""300""&gt; Cucuta, Colombia","At least four people were killed in different parts of northern Santander by gunmen from the EPL, among the victims there is an alleged guerrilla and a demobilized.[45]",EPL,Colombian conflict
9,Shooting,1,3,"&lt;img alt=""Colombia"" src=""//upload.wikimedia.org/wikipedia/commons/thumb/2/21/Flag_of_Colombia.svg/23px-Flag_of_Colombia.svg.png"" width=""23"" height=""15"" class=""thumbborder"" data-file-width=""450"" data-file-height=""300""&gt; Medellin, Colombia","One person was killed and three others were injured after an attack on an Inpec vehicle carrying detainees from Caucasia to Medellin. The attack, it seems, was carried out by a paramilitary group.[46]",Los Urabeños (suspected),Colombian conflict
9,Car bombings,1,60,"&lt;img alt=""Thailand"" src=""//upload.wikimedia.org/wikipedia/commons/thumb/a/a9/Flag_of_Thailand.svg/23px-Flag_of_Thailand.svg.png"" width=""23"" height=""15"" class=""thumbborder"" data-file-width=""900"" data-file-height=""600""&gt; Pattani, Thailand",2017 Pattani bombing: Sixty people were confirmed injured when two bombs went off at Big C Supercenter in Muang district. A canvas vendor was killed before his truck was stolen to be used as the bomb delivery system.[47][41],Unknown,South Thailand insurgency
9,Executions,47,0,"&lt;img alt=""Iraq"" src=""//upload.wikimedia.org/wikipedia/commons/thumb/f/f6/Flag_of_Iraq.svg/23px-Flag_of_Iraq.svg.png"" width=""23"" height=""15"" class=""thumbborder"" data-file-width=""411"" data-file-height=""274""&gt; Hawija, Iraq","Islamic State members executed 47 of their prisoners in Kirkuk's Hawija, including 12 of their comrades.[48]",Islamic State,Iraqi Civil War
9,Bombing,2,2,"&lt;img alt=""Iraq"" src=""//upload.wikimedia.org/wikipedia/commons/thumb/f/f6/Flag_of_Iraq.svg/23px-Flag_of_Iraq.svg.png"" width=""23"" height=""15"" class=""thumbborder"" data-file-width=""411"" data-file-height=""274""&gt; Ramadi, Iraq",Two civilians died and two others were wounded Tuesday when an explosive device went off north of the city of Ramadi.[49],Islamic State,Iraqi Civil War
9,Bombing,1,3,"&lt;img alt=""Iraq"" src=""//upload.wikimedia.org/wikipedia/commons/thumb/f/f6/Flag_of_Iraq.svg/23px-Flag_of_Iraq.svg.png"" width=""23"" height=""15"" class=""thumbborder"" data-file-width=""411"" data-file-height=""274""&gt; Baghdad, Iraq",One person was killed and three others were wounded when a bomb blast rocked an area in southwestern Baghdad.[50],Islamic State,Iraqi Civil War
9,Execution,1,0,"&lt;img alt=""Syria"" src=""//upload.wikimedia.org/wikipedia/commons/thumb/5/53/Flag_of_Syria.svg/23px-Flag_of_Syria.svg.png"" width=""23"" height=""15"" class=""thumbborder"" data-file-width=""900"" data-file-height=""600""&gt; Deir ez-Zor, Syria","ISIS released a propaganda video showing the decapitation of an alleged Russian spy, warning others not to infiltrate its inner circles.[51]",Islamic State,Syrian Civil War
10,Suicide bombing,1 (+1),6,"&lt;img alt=""Yemen"" src=""//upload.wikimedia.org/wikipedia/commons/thumb/8/89/Flag_of_Yemen.svg/23px-Flag_of_Yemen.svg.png"" width=""23"" height=""15"" class=""thumbborder"" data-file-width=""450"" data-file-height=""300""&gt; Hadhramaut Governorate, Yemen",A Yemeni soldier was killed when a suspected al-Qaeda militant detonated a bomb vest in the south-eastern province of Hadramawt.[52],Al-Qaeda in the Arabian Peninsula,Yemeni Civil War
10,Bombing,1,0,"&lt;img alt=""Iraq"" src=""//upload.wikimedia.org/wikipedia/commons/thumb/f/f6/Flag_of_Iraq.svg/23px-Flag_of_Iraq.svg.png"" width=""23"" height=""15"" class=""thumbborder"" data-file-width=""411"" data-file-height=""274""&gt; Baghdad, Iraq","An employee of Education Ministry was killed as a bomb exploded in al-Zidan region in abu Ghraib district, western Baghdad.[53]",Islamic State,Iraqi Civil War
11,"Shooting, Bombings",1 (+5),2,"&lt;img alt=""Bangladesh"" src=""//upload.wikimedia.org/wikipedia/commons/thumb/f/f9/Flag_of_Bangladesh.svg/23px-Flag_of_Bangladesh.svg.png"" width=""23"" height=""14"" class=""thumbborder"" data-file-width=""500"" data-file-height=""300""&gt; Dhaka, Bangladesh",A fire fighter was killed and two police officers were injured when bombs planted by Jamaat-ul-Mujahideen militants blew up. Five militants were also killed.[54],Jamaat-ul-Mujahideen,Internal conflict in Bangladesh
11,Shooting,1,0,"&lt;img alt=""Iraq"" src=""//upload.wikimedia.org/wikipedia/commons/thumb/f/f6/Flag_of_Iraq.svg/23px-Flag_of_Iraq.svg.png"" width=""23"" height=""15"" class=""thumbborder"" data-file-width=""411"" data-file-height=""274""&gt; Kirkuk, Iraq",One policeman was killed when an armed individual shot at him north of Kirkuk.[55],Islamic State,Iraqi Civil War
11,"Shooting, Kidnapping",13,2 kidnapped,"&lt;img alt=""Egypt"" src=""//upload.wikimedia.org/wikipedia/commons/thumb/f/fe/Flag_of_Egypt.svg/23px-Flag_of_Egypt.svg.png"" width=""23"" height=""15"" class=""thumbborder"" data-file-width=""900"" data-file-height=""600""&gt; Rafah, Egypt",Thirteen armed tribesmen were killed in an attack by gunmen in the northern city of Rafah in Egypt's Sinai Peninsula.[56],Islamic State,Insurgency in Egypt
11,Car bombing,4,10,"&lt;img alt=""Iraq"" src=""//upload.wikimedia.org/wikipedia/commons/thumb/f/f6/Flag_of_Iraq.svg/23px-Flag_of_Iraq.svg.png"" width=""23"" height=""15"" class=""thumbborder"" data-file-width=""411"" data-file-height=""274""&gt; Baghdad, Iraq","Four persons were killed and ten injured as a booby-trapped vehicle exploded on Thursday in al-Sho'la district, east of Baghdad.[57]",Islamic State,Iraqi Civil War
11,Bombing,7,0,"&lt;img alt=""Afghanistan"" src=""//upload.wikimedia.org/wikipedia/commons/thumb/9/9a/Flag_of_Afghanistan.svg/23px-Flag_of_Afghanistan.svg.png"" width=""23"" height=""15"" class=""thumbborder"" data-file-width=""600"" data-file-height=""400""&gt; Herat Province, Afghanistan","Seven members of a family, including two women and three children, were killed in a roadside bomb blast in Afghanistan's western Herat province.[58]",Taliban,War in Afghanistan
12,Suicide bombing,28 (+1),37,"&lt;img alt=""Pakistan"" src=""//upload.wikimedia.org/wikipedia/commons/thumb/3/32/Flag_of_Pakistan.svg/23px-Flag_of_Pakistan.svg.png"" width=""23"" height=""15"" class=""thumbborder"" data-file-width=""900"" data-file-height=""600""&gt; Mastung, Pakistan",2017 Mastung bombing: 28 people were killed and 37 were injured when a suicide bomber blew himself up in Pakistan's city of Mastung.[59] Islamic State claimed responsibility.[60],Islamic State,War in North-West Pakistan
12,Bombing,0,0,"&lt;img alt=""Italy"" src=""//upload.wikimedia.org/wikipedia/en/thumb/0/03/Flag_of_Italy.svg/23px-Flag_of_Italy.svg.png"" width=""23"" height=""15"" class=""thumbborder"" data-file-width=""1500"" data-file-height=""1000""&gt; Rome, Italy","Two explosions damaged a car by a post office in central Rome, but no injuries have been reported.[61]",Militant Anarchist (suspected),Terrorism in Italy
12,Shooting,0 (+2),1,"&lt;img alt=""Russia"" src=""//upload.wikimedia.org/wikipedia/en/thumb/f/f3/Flag_of_Russia.svg/23px-Flag_of_Russia.svg.png"" width=""23"" height=""15"" class=""thumbborder"" data-file-width=""900"" data-file-height=""600""&gt; Malgobek, Russia",One police officer was injured in shooting near police station in Ingushetia. The attackers were killed during the shootout.[62] ISIS claimed responsibility for the attack.[63],Islamic State,Insurgency in the North Caucasus
12,Shooting,2,Unknown,"&lt;img alt=""Kenya"" src=""//upload.wikimedia.org/wikipedia/commons/thumb/4/49/Flag_of_Kenya.svg/23px-Flag_of_Kenya.svg.png"" width=""23"" height=""15"" class=""thumbborder"" data-file-width=""900"" data-file-height=""600""&gt; Mandera, Kenya",Two miners were killed by Al-Shabaab militants in Mandera.[64],Al-Shabaab,Spillover of the War in Somalia
12,Shelling,3,0,"&lt;img alt=""Iraq"" src=""//upload.wikimedia.org/wikipedia/commons/thumb/f/f6/Flag_of_Iraq.svg/23px-Flag_of_Iraq.svg.png"" width=""23"" height=""15"" class=""thumbborder"" data-file-width=""411"" data-file-height=""274""&gt; Shirqat, Iraq","A child and her parents died as a mortar shell, believed to be from Islamic State militants, landed on their house.[65]",Islamic State,Iraqi Civil War
12,Suicide bombing,1 (+2),6,"&lt;img alt=""Cameroon"" src=""//upload.wikimedia.org/wikipedia/commons/thumb/4/4f/Flag_of_Cameroon.svg/23px-Flag_of_Cameroon.svg.png"" width=""23"" height=""15"" class=""thumbborder"" data-file-width=""600"" data-file-height=""400""&gt; Limani, Cameroon",1 person is killed in north Cameroon in an attack by two suicide bombers.[66],Boko Haram,Boko Haram insurgency
12,Shooting,2 (+1),10,"&lt;img alt=""Saudi Arabia"" src=""//upload.wikimedia.org/wikipedia/commons/thumb/0/0d/Flag_of_Saudi_Arabia.svg/23px-Flag_of_Saudi_Arabia.svg.png"" width=""23"" height=""15"" class=""thumbborder"" data-file-width=""750"" data-file-height=""500""&gt; Qatif, Saudi Arabia","A Saudi infant and a Pakistani civilian were killed and 10 others civilians, including two Pakistanis, an Indian and a Sudanese, were injured by terrorists in Qatif. An attacker was also killed by the police.[67][68]",Islamic State (suspected),Terrorism in Saudi Arabia
13,Bombing,2,2,"&lt;img alt=""Afghanistan"" src=""//upload.wikimedia.org/wikipedia/commons/thumb/9/9a/Flag_of_Afghanistan.svg/23px-Flag_of_Afghanistan.svg.png"" width=""23"" height=""15"" class=""thumbborder"" data-file-width=""600"" data-file-height=""400""&gt; Kabul, Afghanistan",Two civilians were killed and two others were wounded when a magnetic bomb was detonated in Kabul.[69],Taliban,War in Afghanistan
13,Stabbing,0 (+1),1,"&lt;img alt=""Israel"" src=""//upload.wikimedia.org/wikipedia/commons/thumb/d/d4/Flag_of_Israel.svg/21px-Flag_of_Israel.svg.png"" width=""21"" height=""15"" class=""thumbborder"" data-file-width=""660"" data-file-height=""480""&gt; Old City (Jerusalem), Israel","Israel's police shot and killed a Jordanian citizen in the Chains Gate area, in Jerusalem’s Old city, after he reportedly stabbed and wounded a police officer.[70]",Palestinian Nationalist,Israeli–Palestinian conflict
13,Bombing,1,1,"&lt;img alt=""Iraq"" src=""//upload.wikimedia.org/wikipedia/commons/thumb/f/f6/Flag_of_Iraq.svg/23px-Flag_of_Iraq.svg.png"" width=""23"" height=""15"" class=""thumbborder"" data-file-width=""411"" data-file-height=""274""&gt; Diyala, Iraq","A soldier was killed, while a paramilitary personnel was injured as result of an IED blast.[71]",Islamic State,Iraqi Civil War
13,Suicide bombing,1 (+3),1,"&lt;img alt=""Nigeria"" src=""//upload.wikimedia.org/wikipedia/commons/thumb/7/79/Flag_of_Nigeria.svg/23px-Flag_of_Nigeria.svg.png"" width=""23"" height=""12"" class=""thumbborder"" data-file-width=""800"" data-file-height=""400""&gt; Maiduguri, Nigeria",One person was killed and another injured by suicide bombers at the University of Maiduguri in northeastern Nigeria.[72],Boko Haram,Boko Haram insurgency
13,Shelling,4,1,"&lt;img alt=""Ukraine"" src=""//upload.wikimedia.org/wikipedia/commons/thumb/4/49/Flag_of_Ukraine.svg/23px-Flag_of_Ukraine.svg.png"" width=""23"" height=""15"" class=""thumbborder"" data-file-width=""1200"" data-file-height=""800""&gt; Avdiivka, Ukraine",Four civilians were killed by artillery shelling and another was wounded in Avdiivka. The Ukrainian government blamed pro-Russian separatists for the attack while the separatists accused the Ukrainian government of perpetrating a false flag.[73],Donetsk People's Republic (suspected),War in Donbass
13,Shooting,2,22,"&lt;img alt=""Yemen"" src=""//upload.wikimedia.org/wikipedia/commons/thumb/8/89/Flag_of_Yemen.svg/23px-Flag_of_Yemen.svg.png"" width=""23"" height=""15"" class=""thumbborder"" data-file-width=""450"" data-file-height=""300""&gt; Yemen",Sudanese army on Saturday confirmed that two of its soldiers have been killed and other 22 were wounded in clashes.The soldiers were part of a Saudi-led Arab military alliance against Houthi rebels in Yemen.[74][75],Houthis,Yemeni Civil War
13,Shooting,10,Unknown,"&lt;img alt=""Pakistan"" src=""//upload.wikimedia.org/wikipedia/commons/thumb/3/32/Flag_of_Pakistan.svg/23px-Flag_of_Pakistan.svg.png"" width=""23"" height=""15"" class=""thumbborder"" data-file-width=""900"" data-file-height=""600""&gt; Gwadar, Pakistan","Gunmen on motorbikes opened fire on construction workers, killing 10 in Pakistan's southwestern province of Balochistan, officials said Saturday.[76]",Balochistan Liberation Army,Balochistan insurgency
14,Bombing,0,4,"&lt;img alt=""Colombia"" src=""//upload.wikimedia.org/wikipedia/commons/thumb/2/21/Flag_of_Colombia.svg/23px-Flag_of_Colombia.svg.png"" width=""23"" height=""15"" class=""thumbborder"" data-file-width=""450"" data-file-height=""300""&gt; Antioquia, Colombia","An explosion left 4 people wounded, who were in an establishment open to the public, near the headquarters of the second Police District of that subregion.[77][78]",Los Urabeños,Colombian conflict
14,Bombing,5,2,"&lt;img alt=""Afghanistan"" src=""//upload.wikimedia.org/wikipedia/commons/thumb/9/9a/Flag_of_Afghanistan.svg/23px-Flag_of_Afghanistan.svg.png"" width=""23"" height=""15"" class=""thumbborder"" data-file-width=""600"" data-file-height=""400""&gt; Mihtarlam, Afghanistan",Five children were killed in an attack with mortars on a playground in Afghanistan. Two more children were injured in the attack.[79],Taliban (suspected),War in Afghanistan
14,"Shooting, Bombing",2,2,"&lt;img alt=""Pakistan"" src=""//upload.wikimedia.org/wikipedia/commons/thumb/3/32/Flag_of_Pakistan.svg/23px-Flag_of_Pakistan.svg.png"" width=""23"" height=""15"" class=""thumbborder"" data-file-width=""900"" data-file-height=""600""&gt; Quetta, Pakistan",Two security men were injured in a roadside explosion in Quetta. In another attack assailants shot dead a political secretary and his security guard.[80],Lashkar-e-Jhangvi,War in North-West Pakistan
14,Shooting,2,5,"&lt;img alt=""Egypt"" src=""//upload.wikimedia.org/wikipedia/commons/thumb/f/fe/Flag_of_Egypt.svg/23px-Flag_of_Egypt.svg.png"" width=""23"" height=""15"" class=""thumbborder"" data-file-width=""900"" data-file-height=""600""&gt; Sheikh Zuweid, Egypt",Two officers were killed and five soldiers injured in a militant attack in the North Sinai city of Sheikh Zuweid.[81],Islamic State,Sinai insurgency
14,Bombing,1,3,"&lt;img alt=""Egypt"" src=""//upload.wikimedia.org/wikipedia/commons/thumb/f/fe/Flag_of_Egypt.svg/23px-Flag_of_Egypt.svg.png"" width=""23"" height=""15"" class=""thumbborder"" data-file-width=""900"" data-file-height=""600""&gt; North Sinai Governorate, Egypt",A colonel in the Egyptian military has been killed and three recruits have been injured in an explosion that targeted their armored vehicle in the Sinai Peninsula.[82],Islamic State,Sinai insurgency
14,Car bombing,1,5,"&lt;img alt=""Iraq"" src=""//upload.wikimedia.org/wikipedia/commons/thumb/f/f6/Flag_of_Iraq.svg/23px-Flag_of_Iraq.svg.png"" width=""23"" height=""15"" class=""thumbborder"" data-file-width=""411"" data-file-height=""274""&gt; Baghdad, Iraq","A booby-trapped car exploded near a bridge of al-Rubaie street, leaving one person killed and five others wounded.[83]",Islamic State,Iraqi Civil War
14,Kidnapping,0,4 kidnapped,"&lt;img alt=""Mali"" src=""//upload.wikimedia.org/wikipedia/commons/thumb/9/92/Flag_of_Mali.svg/23px-Flag_of_Mali.svg.png"" width=""23"" height=""15"" class=""thumbborder"" data-file-width=""450"" data-file-height=""300""&gt; Ténenkou, Mali",In Mali four members of the Red Cross have been abducted. The local helpers were on the road in Ténenkou in the central region of Mopti on Sunday to assess the humanitarian situation there.[84],Jama'at Nasr al-Islam wal Muslimin (suspected),Northern Mali conflict
14,Shooting,1,0,"&lt;img alt=""Colombia"" src=""//upload.wikimedia.org/wikipedia/commons/thumb/2/21/Flag_of_Colombia.svg/23px-Flag_of_Colombia.svg.png"" width=""23"" height=""15"" class=""thumbborder"" data-file-width=""450"" data-file-height=""300""&gt; Teorama, Colombia",An ELN sniper shot and killed a Colombian soldier while protecting Ecopetrol's personnel and machinery advancing repairs to a stretch of the Caño Limón-Coveñas oil pipeline in Teorama municipality in Norte de Santander Department.[85],ELN,Colombian conflict
15,Suicide bombings,2 (+4),0,"&lt;img alt=""Iraq"" src=""//upload.wikimedia.org/wikipedia/commons/thumb/f/f6/Flag_of_Iraq.svg/23px-Flag_of_Iraq.svg.png"" width=""23"" height=""15"" class=""thumbborder"" data-file-width=""411"" data-file-height=""274""&gt; Haditha, Iraq","4 bombers were sneaking into the town of Haditha, west of Anbar, however, three of the suicide bombers were trapped inside a house and killed by security, while the fourth blew himself up killing two security members.[86]",Islamic State,Iraqi Civil War
15,Stabbing,11,0,"&lt;img alt=""Nigeria"" src=""//upload.wikimedia.org/wikipedia/commons/thumb/7/79/Flag_of_Nigeria.svg/23px-Flag_of_Nigeria.svg.png"" width=""23"" height=""12"" class=""thumbborder"" data-file-width=""800"" data-file-height=""400""&gt; Maiduguri, Nigeria","Nine members of the insurgent group arrived on motorcycles in Amarwa, a suburb of Maiduguri, and killed 11 farmers in their fields with machetes before escaping.[87]",Boko Haram,Boko Haram insurgency
15,Shooting,1,1,"&lt;img alt=""Iraq"" src=""//upload.wikimedia.org/wikipedia/commons/thumb/f/f6/Flag_of_Iraq.svg/23px-Flag_of_Iraq.svg.png"" width=""23"" height=""15"" class=""thumbborder"" data-file-width=""411"" data-file-height=""274""&gt; Baghdad, Iraq",One member of Sunni tribal groups fighting the Islamic State was killed Monday and another was wounded when gunmen attacked their deployment south of Baghdad.[88],Islamic State,Iraqi Civil War
15,Car bombings,10,20,"&lt;img alt=""Syria"" src=""//upload.wikimedia.org/wikipedia/commons/thumb/5/53/Flag_of_Syria.svg/23px-Flag_of_Syria.svg.png"" width=""23"" height=""15"" class=""thumbborder"" data-file-width=""900"" data-file-height=""600""&gt; Rukban Refugee Camp, Syria","Over 10 were killed and 20 were injured when an ISIS car bomb targeted a rebel vehicle belonging to the Jordanian-backed Jaish Ahrar al-Asha’ir patrolling the Rukban Refugee Camp, in Syrian territory.[89]",Islamic State,Syrian Civil War
15,Bombing,0,2,"&lt;img alt=""Thailand"" src=""//upload.wikimedia.org/wikipedia/commons/thumb/a/a9/Flag_of_Thailand.svg/23px-Flag_of_Thailand.svg.png"" width=""23"" height=""15"" class=""thumbborder"" data-file-width=""900"" data-file-height=""600""&gt; Bangkok, Thailand",Two women were slightly injured after an explosive device went off in front of the National Theatre of Bangkok.[90],Islamists (suspected),South Thailand insurgency
15,Shooting,0,0,"&lt;img alt=""Colombia"" src=""//upload.wikimedia.org/wikipedia/commons/thumb/2/21/Flag_of_Colombia.svg/23px-Flag_of_Colombia.svg.png"" width=""23"" height=""15"" class=""thumbborder"" data-file-width=""450"" data-file-height=""300""&gt; Ocaña, Colombia","A member of the EPL after a persecution and firefight against the police was captured in the municipality of Ocaña, Norte de Santander.[91]",EPL,Colombian conflict
15,Bombing,0,0,"&lt;img alt=""Colombia"" src=""//upload.wikimedia.org/wikipedia/commons/thumb/2/21/Flag_of_Colombia.svg/23px-Flag_of_Colombia.svg.png"" width=""23"" height=""15"" class=""thumbborder"" data-file-width=""450"" data-file-height=""300""&gt; Arauca, Colombia","Presumed Eln guerrillas fired an explosive device against Brigade 18 facilities, located in the capital of the state of Arauca, were not reported.[92]",ELN,Colombian conflict
15,Shooting,1,0,"&lt;img alt=""Turkey"" src=""//upload.wikimedia.org/wikipedia/commons/thumb/b/b4/Flag_of_Turkey.svg/23px-Flag_of_Turkey.svg.png"" width=""23"" height=""15"" class=""thumbborder"" data-file-width=""1200"" data-file-height=""800""&gt; Diyarkarbir, Turkey","A village guard was martyred in a suspected PKK terror attack in southeastern Diyarbakır province on Monday, according to a police official.[93]",PKK,Kurdish–Turkish conflict (2015–present)
16,"Shooting, Kidnapping",1,2 kidnapped,"&lt;img alt=""Kenya"" src=""//upload.wikimedia.org/wikipedia/commons/thumb/4/49/Flag_of_Kenya.svg/23px-Flag_of_Kenya.svg.png"" width=""23"" height=""15"" class=""thumbborder"" data-file-width=""900"" data-file-height=""600""&gt; Mandera, Kenya",Al-Shabaab militants attacked a village near Mandera Town and killed a chief before abducting two Kenya Police Reserve.[94],Al-Shabaab,Spillover of the War in Somalia
16,Bombing,1,2,"&lt;img alt=""Iraq"" src=""//upload.wikimedia.org/wikipedia/commons/thumb/f/f6/Flag_of_Iraq.svg/23px-Flag_of_Iraq.svg.png"" width=""23"" height=""15"" class=""thumbborder"" data-file-width=""411"" data-file-height=""274""&gt; Baghdad, Iraq",One person died and two others were wounded when an explosive device went off in northern Baghdad.[95],Islamic State (suspected),Iraqi Civil War
16,Shelling,1,5,"&lt;img alt=""Saudi Arabia"" src=""//upload.wikimedia.org/wikipedia/commons/thumb/0/0d/Flag_of_Saudi_Arabia.svg/23px-Flag_of_Saudi_Arabia.svg.png"" width=""23"" height=""15"" class=""thumbborder"" data-file-width=""750"" data-file-height=""500""&gt; Qatif, Saudi Arabia","A Saudi soldier was killed, and five more were wounded by a rocket-propelled grenade, in a district of al-Awamiya in operations to counter the militants.[96]",Islamic State (suspected),Terrorism in Saudi Arabia
16,Shooting,2,3,"&lt;img alt=""Iraq"" src=""//upload.wikimedia.org/wikipedia/commons/thumb/f/f6/Flag_of_Iraq.svg/23px-Flag_of_Iraq.svg.png"" width=""23"" height=""15"" class=""thumbborder"" data-file-width=""411"" data-file-height=""274""&gt; Al Anbar Governorate, Iraq","Two border troops personnel were killed, while three others were injured as Islamic State militants targeted their patrol, 70 kilometers west of Rutba district in western Anbar.[97]",Islamic State,Iraqi Civil War
16,Bombing,4,0,"&lt;img alt=""Kenya"" src=""//upload.wikimedia.org/wikipedia/commons/thumb/4/49/Flag_of_Kenya.svg/23px-Flag_of_Kenya.svg.png"" width=""23"" height=""15"" class=""thumbborder"" data-file-width=""900"" data-file-height=""600""&gt; Liboi, Kenya",Four people have been killed after an improvised explosive device (IED) allegedly planted by militants struck their vehicle in a small Kenyan town near the border with Somalia.[98],Al-Shabaab,Spillover of the War in Somalia
16,Suicide bombings,2 (+3),7,"&lt;img alt=""Nigeria"" src=""//upload.wikimedia.org/wikipedia/commons/thumb/7/79/Flag_of_Nigeria.svg/23px-Flag_of_Nigeria.svg.png"" width=""23"" height=""12"" class=""thumbborder"" data-file-width=""800"" data-file-height=""400""&gt; Borno State, Nigeria","Three female suicide bombers have attacked a herding community in northeast Nigeria, killing two people and injuring seven others.[99]",Boko Haram,Boko Haram insurgency
17,"Shooting, Suicide bombing, Hostage-taking",6 (+4),17,"&lt;img alt=""Afghanistan"" src=""//upload.wikimedia.org/wikipedia/commons/thumb/9/9a/Flag_of_Afghanistan.svg/23px-Flag_of_Afghanistan.svg.png"" width=""23"" height=""15"" class=""thumbborder"" data-file-width=""600"" data-file-height=""400""&gt; Jalalabad, Afghanistan","Six persons, four civilians and two police officers, were killed and 17 others were injured when Islamic State militants stormed a TV station in Jalalabad. Two militants blew themself up, and the other two have taken hostages. They were later killed by the police.[100]",Islamic State,War in Afghanistan
17,Car bombing,3,0,"&lt;img alt=""Somalia"" src=""//upload.wikimedia.org/wikipedia/commons/thumb/a/a0/Flag_of_Somalia.svg/23px-Flag_of_Somalia.svg.png"" width=""23"" height=""15"" class=""thumbborder"" data-file-width=""900"" data-file-height=""600""&gt; Mogadishu, Somalia",Three soldiers died when a car bomb exploded while they were trying to defuse it in the Somali capital Mogadishu.[101],Al-Shabaab,War in Somalia
17,"Shooting, Armed attack",0,0,"&lt;img alt=""Democratic Republic of the Congo"" src=""//upload.wikimedia.org/wikipedia/commons/thumb/6/6f/Flag_of_the_Democratic_Republic_of_the_Congo.svg/20px-Flag_of_the_Democratic_Republic_of_the_Congo.svg.png"" width=""20"" height=""15"" class=""thumbborder"" data-file-width=""800"" data-file-height=""600""&gt; Kinshasa, Democratic Republic of the Congo","A group of separatists released their leader and 50 other inmates with an attack on the Makala jail of Kinshasa, Democratic Republic of the Congo.[102]",Bundu dia Kongo (suspected),
17,Landmine,0,7,"&lt;img alt=""Philippines"" src=""//upload.wikimedia.org/wikipedia/commons/thumb/9/99/Flag_of_the_Philippines.svg/23px-Flag_of_the_Philippines.svg.png"" width=""23"" height=""12"" class=""thumbborder"" data-file-width=""900"" data-file-height=""450""&gt; Laguna, Philippines",Five Philippine Army personnel and two civilians were wounded after New People's Army rebels ambushed d two military vehicles by setting off a landmine in Luisiana town in Laguna province on Wednesday afternoon.[103],New People's Army,CPP–NPA–NDF rebellion
17,Shooting,1,0,"&lt;img alt=""Colombia"" src=""//upload.wikimedia.org/wikipedia/commons/thumb/2/21/Flag_of_Colombia.svg/23px-Flag_of_Colombia.svg.png"" width=""23"" height=""15"" class=""thumbborder"" data-file-width=""450"" data-file-height=""300""&gt; Chocó Department ,Colombia","ELN delivered today two people who had been kidnapped for a month to the International Committee of the Red Cross (ICRC) in the Colombian department of Chocó, hours later one of the released was killed[104][105]",ELN (suspected),Colombian conflict
18,Bombing,2,8,"&lt;img alt=""Iraq"" src=""//upload.wikimedia.org/wikipedia/commons/thumb/f/f6/Flag_of_Iraq.svg/23px-Flag_of_Iraq.svg.png"" width=""23"" height=""15"" class=""thumbborder"" data-file-width=""411"" data-file-height=""274""&gt; Baghdad, Iraq","One civilian was killed and three others were injured when an explosive device planted near a popular market in al-Nasr wal Salam area in Abu Gharib, west of Baghdad, went off. Another bomb exploded near commercial stores in Sakalat, also west of Baghdad, killing one civilian and wounding five others.[106]",Islamic State,Iraqi Civil War
18,Suicide bombing,9 (+1),11,"&lt;img alt=""Iraq"" src=""//upload.wikimedia.org/wikipedia/commons/thumb/f/f6/Flag_of_Iraq.svg/23px-Flag_of_Iraq.svg.png"" width=""23"" height=""15"" class=""thumbborder"" data-file-width=""411"" data-file-height=""274""&gt; Tuz Khurmatu, Iraq","A suicide attack took place as a bomber wearing explosive belt targeted a popular market in Tuz Khurmatu, leaving nine civilians killed and eleven others injured.[107]",Islamic State,Iraqi Civil War
18,Shooting,1,2,"&lt;img alt=""Afghanistan"" src=""//upload.wikimedia.org/wikipedia/commons/thumb/9/9a/Flag_of_Afghanistan.svg/23px-Flag_of_Afghanistan.svg.png"" width=""23"" height=""15"" class=""thumbborder"" data-file-width=""600"" data-file-height=""400""&gt; Herat, Afghanistan",At least one person was killed and two others were wounded in an attack on the Afghan army bus in western Herat province of Afghanistan.[108],Haqqani network (suspected),War in Afghanistan
18,Clashes,52 (+15),100,"&lt;img alt=""Syria"" src=""//upload.wikimedia.org/wikipedia/commons/thumb/5/53/Flag_of_Syria.svg/23px-Flag_of_Syria.svg.png"" width=""23"" height=""15"" class=""thumbborder"" data-file-width=""900"" data-file-height=""600""&gt; Hama Governorate, Syria",The Islamic State group killed more than 50 people in an attack on two government-held villages in central Syria's Hama province.[109],Islamic State,Syrian Civil War
18,Stabbing,0,3,"&lt;img alt=""Italy"" src=""//upload.wikimedia.org/wikipedia/en/thumb/0/03/Flag_of_Italy.svg/23px-Flag_of_Italy.svg.png"" width=""23"" height=""15"" class=""thumbborder"" data-file-width=""1500"" data-file-height=""1000""&gt; Milan, Italy",Two soldiers and a police officer were stabbed by a man inspired by the Islamic State in Milan.[110],Islamic State (suspected),Islamic terrorism in Europe
19,Shooting,1,1,"&lt;img alt=""Colombia"" src=""//upload.wikimedia.org/wikipedia/commons/thumb/2/21/Flag_of_Colombia.svg/23px-Flag_of_Colombia.svg.png"" width=""23"" height=""15"" class=""thumbborder"" data-file-width=""450"" data-file-height=""300""&gt; Antioquia, Colombia",At least one police officer was killed and another wounded in a Gulf Clan attack against members of the police force in the urban area of the municipality of Pueblorrico in the southwest of Antioquia.[111],Los Urabeños,Colombian conflict
19,Bombing,1,3,"&lt;img alt=""Iraq"" src=""//upload.wikimedia.org/wikipedia/commons/thumb/f/f6/Flag_of_Iraq.svg/23px-Flag_of_Iraq.svg.png"" width=""23"" height=""15"" class=""thumbborder"" data-file-width=""411"" data-file-height=""274""&gt; Baghdad, Iraq",A civilian was killed and three others were injured due to a bomb blast that occurred near a market in southern Baghdad.[112],Unknown,Iraqi Civil War
19,Shooting,3,0,"&lt;img alt=""Pakistan"" src=""//upload.wikimedia.org/wikipedia/commons/thumb/3/32/Flag_of_Pakistan.svg/23px-Flag_of_Pakistan.svg.png"" width=""23"" height=""15"" class=""thumbborder"" data-file-width=""900"" data-file-height=""600""&gt; Gwadar, Pakistan","Suspected militants on Friday gunned down three Pakistani workers building a Chinese-funded “Silk Road” highway in Balochistan, just days after a similar attack killed 10 Sindhi labourers in the south-western province.[113]",Balochistan Liberation Army (suspected),Balochistan insurgency
19,Suicide bombing,(+3),Unknown,"&lt;img alt=""Nigeria"" src=""//upload.wikimedia.org/wikipedia/commons/thumb/7/79/Flag_of_Nigeria.svg/23px-Flag_of_Nigeria.svg.png"" width=""23"" height=""12"" class=""thumbborder"" data-file-width=""800"" data-file-height=""400""&gt; Maiduguri, Nigeria",Three suicide bombers on Friday detonated explosives inside a university campus in Nigeria’s northeastern state. The incident took place in Maiduguri city of Borno state.[114],Boko Haram (suspected),Boko Haram insurgency (suspected)
19,Car bombing,2,Unknown,"&lt;img alt=""Libya"" src=""//upload.wikimedia.org/wikipedia/commons/thumb/0/05/Flag_of_Libya.svg/23px-Flag_of_Libya.svg.png"" width=""23"" height=""12"" class=""thumbborder"" data-file-width=""960"" data-file-height=""480""&gt; Benghazi, Libya","The head of eastern Libya’s largest tribe and other man were killed on Friday when a car bomb exploded outside a mosque on the outskirts of Benghazi, according to a Libyan security official.[115]",Unknown,Libyan Civil War
20,Shooting,3 (+4),Unknown,"&lt;img alt=""India"" src=""//upload.wikimedia.org/wikipedia/en/thumb/4/41/Flag_of_India.svg/23px-Flag_of_India.svg.png"" width=""23"" height=""15"" class=""thumbborder"" data-file-width=""1350"" data-file-height=""900""&gt; Kupwara district, India","Three soldiers and four militants were killed in an encounter that began on Saturday on the Line of Control in North Kashmir's Nowgam sector. Although the gunfight has stopped, sanitisation of the area is under way.[116][117]",Militants,Kashmir conflict
20,Shooting,141+,100+,"&lt;img alt=""Libya"" src=""//upload.wikimedia.org/wikipedia/commons/thumb/0/05/Flag_of_Libya.svg/23px-Flag_of_Libya.svg.png"" width=""23"" height=""12"" class=""thumbborder"" data-file-width=""960"" data-file-height=""480""&gt; Wadi al Shatii District, Libya",Brak El-Shati airbase raid: At least 141 soldiers and civilians were killed in an attack in Southern Libya.[118],Misrata Militants (suspected),Second Libyan Civil War
20,Suicide bombing,35 (+4),45,"&lt;img alt=""Iraq"" src=""//upload.wikimedia.org/wikipedia/commons/thumb/f/f6/Flag_of_Iraq.svg/23px-Flag_of_Iraq.svg.png"" width=""23"" height=""15"" class=""thumbborder"" data-file-width=""411"" data-file-height=""274""&gt; Baghdad, Iraq",35 persons were killed and 45 others were injured in four suicide attacks in Baghdad.[119],Islamic State,Iraqi Civil War
20,Suicide bombing,8,41,"&lt;img alt=""Iraq"" src=""//upload.wikimedia.org/wikipedia/commons/thumb/f/f6/Flag_of_Iraq.svg/23px-Flag_of_Iraq.svg.png"" width=""23"" height=""15"" class=""thumbborder"" data-file-width=""411"" data-file-height=""274""&gt; Basra, Iraq",A suicide bombing near the oil-rich city of Basra killed five civilians and three troops.[120],Islamic State,Iraqi Civil War
20,Suicide bombing,3 (+4),30,"&lt;img alt=""Afghanistan"" src=""//upload.wikimedia.org/wikipedia/commons/thumb/9/9a/Flag_of_Afghanistan.svg/23px-Flag_of_Afghanistan.svg.png"" width=""23"" height=""15"" class=""thumbborder"" data-file-width=""600"" data-file-height=""400""&gt; Paktia Province, Afghanistan",Three people were killed and 30 others injured on Saturday when gunmen stormed New Kabul Bank's branch in eastern Paktia province.[121],Taliban,War in Afghanistan
20,Shooting,4,Unknown,"&lt;img alt=""Pakistan"" src=""//upload.wikimedia.org/wikipedia/commons/thumb/3/32/Flag_of_Pakistan.svg/23px-Flag_of_Pakistan.svg.png"" width=""23"" height=""15"" class=""thumbborder"" data-file-width=""900"" data-file-height=""600""&gt; Kohat, Pakistan",A police mobile van in Kohat was on its way back after an operation when terrorists ambushed their vehicle. Four police officers were killed.[122],Jamaat-ul-Ahrar (suspected),War in North-West Pakistan
20,Shooting,7,40,"&lt;img alt=""Nigeria"" src=""//upload.wikimedia.org/wikipedia/commons/thumb/7/79/Flag_of_Nigeria.svg/23px-Flag_of_Nigeria.svg.png"" width=""23"" height=""12"" class=""thumbborder"" data-file-width=""800"" data-file-height=""400""&gt; Borno State, Nigeria",At least 7 people are dead and more than 40 injured from gunshots in separate attacks by Boko haram militant group rampaging within recently liberated Borno communities.[123],Boko Haram,Boko Haram insurgency
21,"Execution, Kidnapping",2,1 kidnapped,"&lt;img alt=""Afghanistan"" src=""//upload.wikimedia.org/wikipedia/commons/thumb/9/9a/Flag_of_Afghanistan.svg/23px-Flag_of_Afghanistan.svg.png"" width=""23"" height=""15"" class=""thumbborder"" data-file-width=""600"" data-file-height=""400""&gt; Kabul, Afghanistan","A German woman and her guard were killed by militants in Kabul. Another foreigner, from Finland, had been abducted.[124]",Islamic State (suspected),War in Afghanistan
21,Shooting,15,63,"&lt;img alt=""Syria"" src=""//upload.wikimedia.org/wikipedia/commons/thumb/5/53/Flag_of_Syria.svg/23px-Flag_of_Syria.svg.png"" width=""23"" height=""15"" class=""thumbborder"" data-file-width=""900"" data-file-height=""600""&gt; Deir ez-Zor, Syria","15 civilians were killed while 63 others, most of whom are women and children, were injured in an Islamic State terrorist attack.[125]",Islamic State,Syrian Civil War
21,Shooting,20,15,"&lt;img alt=""Afghanistan"" src=""//upload.wikimedia.org/wikipedia/commons/thumb/9/9a/Flag_of_Afghanistan.svg/23px-Flag_of_Afghanistan.svg.png"" width=""23"" height=""15"" class=""thumbborder"" data-file-width=""600"" data-file-height=""400""&gt; Zabul, Afghanistan",20 Afghan policemen were killed and 15 others were injured when Taliban fighters stormed multiple security outposts in Zabul.[126],Taliban,War in Afghanistan
21,Bombing,1,1,"&lt;img alt=""Iraq"" src=""//upload.wikimedia.org/wikipedia/commons/thumb/f/f6/Flag_of_Iraq.svg/23px-Flag_of_Iraq.svg.png"" width=""23"" height=""15"" class=""thumbborder"" data-file-width=""411"" data-file-height=""274""&gt; Baghdad, Iraq","A soldier was killed, another was injured in an IED blast that targeted an army patrol in Baghdad.[127]",Islamic State,Iraqi Civil War
21,Suicide bombing,16 (+1),40,"&lt;img alt=""Syria"" src=""//upload.wikimedia.org/wikipedia/commons/thumb/5/53/Flag_of_Syria.svg/23px-Flag_of_Syria.svg.png"" width=""23"" height=""15"" class=""thumbborder"" data-file-width=""900"" data-file-height=""600""&gt; Idlib Governorate, Syria",A suicide attack on the offices of a powerful ultraconservative insurgent group in rebel-controlled Idlib province has killed at least 16.[128],Islamic State,Syrian Civil War
21,Suicide car bombings,17 (+4),13,"&lt;img alt=""Iraq"" src=""//upload.wikimedia.org/wikipedia/commons/thumb/f/f6/Flag_of_Iraq.svg/23px-Flag_of_Iraq.svg.png"" width=""23"" height=""15"" class=""thumbborder"" data-file-width=""411"" data-file-height=""274""&gt; Mosul, Iraq",At least 17 Iraqi soldiers were killed in suicide attacks by Daesh militants in the northern city of Mosul.[129],Islamic State,Iraqi Civil War
22,Bombing,0,24,"&lt;img alt=""Thailand"" src=""//upload.wikimedia.org/wikipedia/commons/thumb/a/a9/Flag_of_Thailand.svg/23px-Flag_of_Thailand.svg.png"" width=""23"" height=""15"" class=""thumbborder"" data-file-width=""900"" data-file-height=""600""&gt; Bangkok, Thailand",A small bomb struck a Bangkok military-run hospital wounding more than 20 people.[130][131],Barisan Revolusi Nasional (suspected),South Thailand insurgency
22,Suicide bombings,6 (+5),15,"&lt;img alt=""Iraq"" src=""//upload.wikimedia.org/wikipedia/commons/thumb/f/f6/Flag_of_Iraq.svg/23px-Flag_of_Iraq.svg.png"" width=""23"" height=""15"" class=""thumbborder"" data-file-width=""411"" data-file-height=""274""&gt; Baqubah, Iraq",At least six soldiers were killed and around fifteen others were injured in an attack on a military base in eastern Iraq.[132],Islamic State,Iraqi Civil War
22,Bombing,5,0,"&lt;img alt=""Pakistan"" src=""//upload.wikimedia.org/wikipedia/commons/thumb/3/32/Flag_of_Pakistan.svg/23px-Flag_of_Pakistan.svg.png"" width=""23"" height=""15"" class=""thumbborder"" data-file-width=""900"" data-file-height=""600""&gt; Khyber Agency, Pakistan",At least five people were killed in an explosion triggered by an Improvised Explosive Device in Khyber Agency tribal area of Pakistan.[133][134],Tehrik-e-Taliban,War in North-West Pakistan
22,Shooting,2,0,"&lt;img alt=""Iraq"" src=""//upload.wikimedia.org/wikipedia/commons/thumb/f/f6/Flag_of_Iraq.svg/23px-Flag_of_Iraq.svg.png"" width=""23"" height=""15"" class=""thumbborder"" data-file-width=""411"" data-file-height=""274""&gt; Baquba, Iraq","Two civilians were killed in an armed attack that occurred near a village, northeast of Baquba.[135]",Islamic State,Iraqi Civil War
22,Executions,9,0,"&lt;img alt=""Iraq"" src=""//upload.wikimedia.org/wikipedia/commons/thumb/f/f6/Flag_of_Iraq.svg/23px-Flag_of_Iraq.svg.png"" width=""23"" height=""15"" class=""thumbborder"" data-file-width=""411"" data-file-height=""274""&gt; Hawija, Iraq",Islamic State militants executed nine men from Hawija district and areas in its vicinity over collaboration with security services.[136],Islamic State,Iraqi Civil War
22,Bombing,0,3,"&lt;img alt=""Iraq"" src=""//upload.wikimedia.org/wikipedia/commons/thumb/f/f6/Flag_of_Iraq.svg/23px-Flag_of_Iraq.svg.png"" width=""23"" height=""15"" class=""thumbborder"" data-file-width=""411"" data-file-height=""274""&gt; Bagdad, Iraq","A bomb placed near a market in al-Nasr wal Salam region in Abu Ghraib district, western Baghdad, exploded leaving three civilians injured.[137]",Islamic State,Iraqi Civil War
22,Suicide bombing,22 (+1),116,"&lt;img alt=""United Kingdom"" src=""//upload.wikimedia.org/wikipedia/en/thumb/a/ae/Flag_of_the_United_Kingdom.svg/23px-Flag_of_the_United_Kingdom.svg.png"" width=""23"" height=""12"" class=""thumbborder"" data-file-width=""1200"" data-file-height=""600""&gt; Manchester, United Kingdom",2017 Manchester Arena bombing: A suicide bomber named Salman Abedi [138] blew himself up at an Ariana Grande concert in Manchester killing at least 22 concertgoers and injuring 116 others.[139] Islamic State claimed responsibility.[140],Islamic State,Islamic terrorism in Europe
22,Shooting,6,1,"&lt;img alt=""Afghanistan"" src=""//upload.wikimedia.org/wikipedia/commons/thumb/9/9a/Flag_of_Afghanistan.svg/23px-Flag_of_Afghanistan.svg.png"" width=""23"" height=""15"" class=""thumbborder"" data-file-width=""600"" data-file-height=""400""&gt; Faryab province, Afghanista","Insurgents in northern Afghanistan ambushed a security convoy on Monday, killing five members of the local police, an official said. Karim Yuresh, spokesman for the provincial police chief in Faryab, said a group commander and four of his bodyguards were killed.[141]",Unknown,War in Afghanistan (2015–present)
22,Shooting,1,10,"&lt;img alt=""Afghanistan"" src=""//upload.wikimedia.org/wikipedia/commons/thumb/9/9a/Flag_of_Afghanistan.svg/23px-Flag_of_Afghanistan.svg.png"" width=""23"" height=""15"" class=""thumbborder"" data-file-width=""600"" data-file-height=""400""&gt; Logar province, Afghanistan","In eastern Logar province, gunmen shot and killed a deputy chief of a provincial clerical council, said Gen. Esmatullah Alizia, the Logar police chief.[141]",Unknown,War in Afghanistan (2015–present)
23,Shooting,11,9,"&lt;img alt=""Afghanistan"" src=""//upload.wikimedia.org/wikipedia/commons/thumb/9/9a/Flag_of_Afghanistan.svg/23px-Flag_of_Afghanistan.svg.png"" width=""23"" height=""15"" class=""thumbborder"" data-file-width=""600"" data-file-height=""400""&gt; Kandahar Province, Afghanistan",11 Afghan National Army soldiers were killed and nine others wounded in a Taliban attack on a military base in Kandahar.[142],Taliban,War in Afghanistan
23,Car bombing,4,40,"&lt;img alt=""Syria"" src=""//upload.wikimedia.org/wikipedia/commons/thumb/5/53/Flag_of_Syria.svg/23px-Flag_of_Syria.svg.png"" width=""23"" height=""15"" class=""thumbborder"" data-file-width=""900"" data-file-height=""600""&gt; Homs, Syria","A car bombing in the city of Homs on Tuesday morning, Syrian state television said, two days after the city went back under full government control for the first time since 2011. At least 4 four people were killed and other 32 were injured in Homs on Tuesday morning, Syrian state television said, two days after the city went back under full government control for the first time since 2011.[143][144]",Islamic State,Syrian Civil War
23,Bombing,Unknown,Unknown,"&lt;img alt=""Syria"" src=""//upload.wikimedia.org/wikipedia/commons/thumb/5/53/Flag_of_Syria.svg/23px-Flag_of_Syria.svg.png"" width=""23"" height=""15"" class=""thumbborder"" data-file-width=""900"" data-file-height=""600""&gt; Damascus, Syria","Another bomb detonated in the capital of Damascus on the road to the airport, as the human rights activist explained. According to Sana, government troops at a checkpoint stopped an explosive loaded vehicle.[143]",Islamic State (suspected),Syrian Civil War
23,Suicide bombing,5+ (+1),9+,"&lt;img alt=""Somalia"" src=""//upload.wikimedia.org/wikipedia/commons/thumb/a/a0/Flag_of_Somalia.svg/23px-Flag_of_Somalia.svg.png"" width=""23"" height=""15"" class=""thumbborder"" data-file-width=""900"" data-file-height=""600""&gt; Bosaso, Somalia","A suicide attack in the North East of Somalia killed at least five people. More than nine people were injured in the attack on a checkpoint in the city of Bosaso in Puntland, a police officer said. Two of the dead were security forces. The terrorist ""Islamic State"" claimed the attack on Wednesday for itself.[145]",Islamic State,War in Somalia
23,Shooting,2,0,"&lt;img alt=""Thailand"" src=""//upload.wikimedia.org/wikipedia/commons/thumb/a/a9/Flag_of_Thailand.svg/23px-Flag_of_Thailand.svg.png"" width=""23"" height=""15"" class=""thumbborder"" data-file-width=""900"" data-file-height=""600""&gt; Hat Yai, Thailand","Attackers in southern Thailand fatally shot two army rangers at close range Tuesday, police said, the latest killings in a region that has been plagued by a long-running Muslim separatist insurgency.[146]",Islamist,South Thailand insurgency
23,Shooting,2,1,"&lt;img alt=""Mali"" src=""//upload.wikimedia.org/wikipedia/commons/thumb/9/92/Flag_of_Mali.svg/23px-Flag_of_Mali.svg.png"" width=""23"" height=""15"" class=""thumbborder"" data-file-width=""450"" data-file-height=""300""&gt; Kidal region, Mali",Two peacekeepers of the United Nations Multidimensional Integrated Stabilization Mission in Mali (MINUSMA) were killed and another injured on Tuesday morning in an ambush in the northern Kidal region.[147],AQIM (suspected),Northern Mali conflict
24,Suicide bombings,3 (+2),10,"&lt;img alt=""Indonesia"" src=""//upload.wikimedia.org/wikipedia/commons/thumb/9/9f/Flag_of_Indonesia.svg/23px-Flag_of_Indonesia.svg.png"" width=""23"" height=""15"" class=""thumbborder"" data-file-width=""450"" data-file-height=""300""&gt; Jakarta, Indonesia","2017 Jakarta bombings: Three police officers were killed and ten others, five police officers and five civilians, injured when two suicide bombers blew themself up at a bus stop in Jakarta. The police confirmed that the bombers were members of Jamaah Ansharut Tauhid, a group linked to Islamic State.[148][149]",Jamaah Ansharut Tauhid,Terrorism in Indonesia
24,Suicide bombing,5 (+1),6,"&lt;img alt=""Somalia"" src=""//upload.wikimedia.org/wikipedia/commons/thumb/a/a0/Flag_of_Somalia.svg/23px-Flag_of_Somalia.svg.png"" width=""23"" height=""15"" class=""thumbborder"" data-file-width=""900"" data-file-height=""600""&gt; Mogadishu, Somalia","A bombing claimed by Islamist insurgents killed five civilians and injured six more in the Somali capital on Wednesday, a spokesman for the city's mayor said, underscoring the militants' ability to carry out attacks despite territorial losses.[150]",Al-Shabaab,Spillover of the War in Somalia
24,Kidnapping,0,2 kidnapped,"&lt;img alt=""Pakistan"" src=""//upload.wikimedia.org/wikipedia/commons/thumb/3/32/Flag_of_Pakistan.svg/23px-Flag_of_Pakistan.svg.png"" width=""23"" height=""15"" class=""thumbborder"" data-file-width=""900"" data-file-height=""600""&gt; Quetta, Pakistan",Two Chinese teachers were kidnapped from the Jinnah Town area of the provincial capital of Balochistan on Wednesday afternoon while another Chinese national reportedly escaped the abduction.[151],Islamic State],War in North-West Pakistan
24,Shooting,0,1,"&lt;img alt=""India"" src=""//upload.wikimedia.org/wikipedia/en/thumb/4/41/Flag_of_India.svg/23px-Flag_of_India.svg.png"" width=""23"" height=""15"" class=""thumbborder"" data-file-width=""1350"" data-file-height=""900""&gt; Srinagar, India",A block president of People’s Democratic Party (PDP) was critically injured as militants fired at him this evening in Barzulla area of Srinagar.[152],Militants,Kashmir conflict
25,Bombing,5,1,"&lt;img alt=""Kenya"" src=""//upload.wikimedia.org/wikipedia/commons/thumb/4/49/Flag_of_Kenya.svg/23px-Flag_of_Kenya.svg.png"" width=""23"" height=""15"" class=""thumbborder"" data-file-width=""900"" data-file-height=""600""&gt; Liboi, Kenya",Four policemen were killed in an attack in the north-east of Kenya. The officials were on a Wednesday morning at Liboi near the border with Somalia with a vehicle over an explosive body. Another policeman had been injured.[153][154],Al-Shabaab,Spillover of the War in Somalia
25,Bombing,3,8,"&lt;img alt=""Kenya"" src=""//upload.wikimedia.org/wikipedia/commons/thumb/4/49/Flag_of_Kenya.svg/23px-Flag_of_Kenya.svg.png"" width=""23"" height=""15"" class=""thumbborder"" data-file-width=""900"" data-file-height=""600""&gt; Liboi, Kenya",Two policemen were killed and two others were injured when a bomb planted by Al-Shabaab militants blew up in the north-east of Kenya.[155][156],Al-Shabaab,Spillover of the War in Somalia
25,Shooting,1,0,"&lt;img alt=""Egypt"" src=""//upload.wikimedia.org/wikipedia/commons/thumb/f/fe/Flag_of_Egypt.svg/23px-Flag_of_Egypt.svg.png"" width=""23"" height=""15"" class=""thumbborder"" data-file-width=""900"" data-file-height=""600""&gt; Arish, Egypt",An Egyptian policeman was shot dead by militants in the northern Sinai Peninsula.[157],Islamic State (suspected),Sinai insurgency
25,Bombing,0,2,"&lt;img alt=""Greece"" src=""//upload.wikimedia.org/wikipedia/commons/thumb/5/5c/Flag_of_Greece.svg/23px-Flag_of_Greece.svg.png"" width=""23"" height=""15"" class=""thumbborder"" data-file-width=""600"" data-file-height=""400""&gt; Athens, Greece",The former Prime Minister of Greece Lucas Papademos and his driver were injured after bomb exploded inside his car in Athens. The group Conspiracy of Fire Nuclei said they carried out the attack.[158],Conspiracy of Fire Nuclei,Terrorism in Greece
25,Shooting,1,10,"&lt;img alt=""Philippines"" src=""//upload.wikimedia.org/wikipedia/commons/thumb/9/99/Flag_of_the_Philippines.svg/23px-Flag_of_the_Philippines.svg.png"" width=""23"" height=""12"" class=""thumbborder"" data-file-width=""900"" data-file-height=""450""&gt; Sulu, Philippines","One soldier was killed and 10 others were wounded in a pre-dawn ambush staged by Abu Sayyaf militants in Patikul, Sulu, a Mindanao-based military official said Thursday.[159]",Abu Sayyaf,Moro conflict
25,Roadside bombing,2,Unknown,"&lt;img alt=""Kenya"" src=""//upload.wikimedia.org/wikipedia/commons/thumb/4/49/Flag_of_Kenya.svg/23px-Flag_of_Kenya.svg.png"" width=""23"" height=""15"" class=""thumbborder"" data-file-width=""900"" data-file-height=""600""&gt; Garissa County, Kenya","A roadside bomb planted by Somali Islamists killed two Kenyan police near the Somali border on Thursday, police said, bringing to 11 the number of Kenyan security officials that have been killed by roadside bombs over the past two days.[160]",Al-Shabaab,Spillover of the War in Somalia
26,Shootings,28,25+,"&lt;img alt=""Egypt"" src=""//upload.wikimedia.org/wikipedia/commons/thumb/f/fe/Flag_of_Egypt.svg/23px-Flag_of_Egypt.svg.png"" width=""23"" height=""15"" class=""thumbborder"" data-file-width=""900"" data-file-height=""600""&gt; Minya, Egypt",2017 Minya attack: 28 people have been killed and 25 wounded after gunmen opened fire on a bus carrying Coptic Christians in central Egypt.[161][162],Islamic State (suspected),Insurgency in Egypt
26,Shooting,15,5,"&lt;img alt=""Afghanistan"" src=""//upload.wikimedia.org/wikipedia/commons/thumb/9/9a/Flag_of_Afghanistan.svg/23px-Flag_of_Afghanistan.svg.png"" width=""23"" height=""15"" class=""thumbborder"" data-file-width=""600"" data-file-height=""400""&gt; Shah Wali Kot District, Afghanistan","15 Afghan soldiers were killed & 5 wounded after a Taliban attack on a military base in Shah Wali Kot District, Kandahar province.[163]",Taliban,War in Afghanistan
27,Suicide car bombing,13,2,"&lt;img alt=""Afghanistan"" src=""//upload.wikimedia.org/wikipedia/commons/thumb/9/9a/Flag_of_Afghanistan.svg/23px-Flag_of_Afghanistan.svg.png"" width=""23"" height=""15"" class=""thumbborder"" data-file-width=""600"" data-file-height=""400""&gt; Khost, Afghanistan","A suicide car bomber targeted police vehicles in the centre of Khost, Khost Province. The attack killed 13 and wounded 2 others.[164]",Taliban or Islamic State,War in Afghanistan
28,Shooting,1,0,"&lt;img alt=""United Kingdom"" src=""//upload.wikimedia.org/wikipedia/en/thumb/a/ae/Flag_of_the_United_Kingdom.svg/23px-Flag_of_the_United_Kingdom.svg.png"" width=""23"" height=""12"" class=""thumbborder"" data-file-width=""1200"" data-file-height=""600""&gt; Bangor, Northern Ireland",A man was killed after being shot outside a supermarket car park in Bangor. The Police Service of Northern Ireland said that the man may have been linked to a feud with loyalist paramilitary factions.[165][166],Ulster Defence Association (suspected),Ulster Loyalist Paramilitary
28,Shooting,2,5,"&lt;img alt=""Iran"" src=""//upload.wikimedia.org/wikipedia/commons/thumb/c/ca/Flag_of_Iran.svg/23px-Flag_of_Iran.svg.png"" width=""23"" height=""13"" class=""thumbborder"" data-file-width=""630"" data-file-height=""360""&gt; Western Azerbaijan, Iran","Two Iranian border guards have been killed and five others have been injured in a clash with members of PJAK, a branch of the PKK party, in western Azerbaijan province bordering Turkey, officials said.[167][168]",PJAK,Western Iran clashes (2016–present)
30,Car bombing,30+,40,"&lt;img alt=""Iraq"" src=""//upload.wikimedia.org/wikipedia/commons/thumb/f/f6/Flag_of_Iraq.svg/23px-Flag_of_Iraq.svg.png"" width=""23"" height=""15"" class=""thumbborder"" data-file-width=""411"" data-file-height=""274""&gt; Baghdad, Iraq",Al-Faqma ice cream parlor bombing: At least 30 people were killed and 40 more injured when a car bomb detonated while they were outside an ice cream shop. ISIS claimed responsibility.[169],Islamic State,Iraqi Civil War
31,Shooting,2,0,"&lt;img alt=""Peru"" src=""//upload.wikimedia.org/wikipedia/commons/thumb/c/cf/Flag_of_Peru.svg/23px-Flag_of_Peru.svg.png"" width=""23"" height=""15"" class=""thumbborder"" data-file-width=""900"" data-file-height=""600""&gt; Ayacucho, Peru","According to Channel N, it would be a narco-terrorist attack in which two members of the National Police of Peru were shot dead in the VRAEM region.[170]",Sendero Luminoso,Internal conflict in Peru
31,Shooting,1,2,"&lt;img alt=""Colombia"" src=""//upload.wikimedia.org/wikipedia/commons/thumb/2/21/Flag_of_Colombia.svg/23px-Flag_of_Colombia.svg.png"" width=""23"" height=""15"" class=""thumbborder"" data-file-width=""450"" data-file-height=""300""&gt; Antioquia Department, Colombia",A Colombian policeman died today and two more were wounded in an attack by the guerrillas of the National Liberation Army on a road in the department of Antioquia[171],ELN,Colombian conflict
31,Car bombing,150+,413+,"&lt;img alt=""Afghanistan"" src=""//upload.wikimedia.org/wikipedia/commons/thumb/9/9a/Flag_of_Afghanistan.svg/23px-Flag_of_Afghanistan.svg.png"" width=""23"" height=""15"" class=""thumbborder"" data-file-width=""600"" data-file-height=""400""&gt; Kabul, Afghanistan",May 2017 Kabul attack: A car bombing in Kabul's diplomatic quarter killed at least 150 persons and wounded more than 400 others.[172][173][174],Haqqani Network (suspected),War in Afghanistan
31,Bombing,5,7,"&lt;img alt=""Kenya"" src=""//upload.wikimedia.org/wikipedia/commons/thumb/4/49/Flag_of_Kenya.svg/23px-Flag_of_Kenya.svg.png"" width=""23"" height=""15"" class=""thumbborder"" data-file-width=""900"" data-file-height=""600""&gt; Kiunga, Kenya","Four police officer and a civilian were killed after a bomb exploded outside the town of Kiunga, Lamu County. Another seven people were injured in the blast. Al-Shabaab is being blamed for the attack.[175]",al-Shabaab (suspected),Spillover of the War in Somalia
